{
  "matter_core": [
    "Matter.Number",
    "Matter.Description",
    "Matter.Status",
    "Matter.OpenDate",
    "Matter.CloseDate",
    "Matter.PracticeArea"
  ],
  "client": [
    "Matter.Client.Name",
    "Matter.Client.Email",
    "Matter.Client.Phone",
    "Matter.Client.Address"
  ],
  "parties": [
    "Buyer",
    "Seller",
    "OpposingCounsel",
    "TitleCompany",
    "Realtor"
  ],
  "real_estate": [
    "ClosingDate",
    "PropertyAddress",
    "PurchasePrice",
    "EarnestMoneyDeposit1",
    "EarnestMoneyDeposit2",
    "InspectionDeadline",
    "Pin",
    "FinancingType",
    "LoanOfficer",
    "TitleFileNumber"
  ],
  "probate": [
    "DecedentsName",
    "DecedentsDateOfDeath",
    "Executor",
    "Beneficiaries"
  ],
  "billing_snapshot": [
    "FlatRate",
    "Description",
    "OpenInvoiceNumber",
    "OutstandingBalance"
  ],
  "document": [
    "Category",
    "Summary",
    "CommunicationType"
  ]
}