{
  "$schema": "https://json-schema.org/draft/2020-12/schema",
  "title": "ExtractorOutput",
  "type": "object",
  "required": [
    "matter_core",
    "client",
    "document"
  ],
  "properties": {
    "matter_core": {
      "type": "object",
      "properties": {
        "number": {
          "type": [
            "string",
            "null"
          ]
        },
        "description": {
          "type": [
            "string",
            "null"
          ]
        },
        "status": {
          "type": [
            "string",
            "null"
          ]
        },
        "openDate": {
          "type": [
            "string",
            "null"
          ],
          "format": "date"
        },
        "closeDate": {
          "type": [
            "string",
            "null"
          ],
          "format": "date"
        },
        "practiceArea": {
          "type": [
            "string",
            "null"
          ]
        }
      }
    },
    "client": {
      "type": "object",
      "required": [
        "name"
      ],
      "properties": {
        "name": {
          "type": "string"
        },
        "emails": {
          "type": "array",
          "items": {
            "type": "string",
            "format": "email"
          }
        },
        "phones": {
          "type": "array",
          "items": {
            "type": "string"
          }
        },
        "address": {
          "type": "object",
          "properties": {
            "line1": {
              "type": "string"
            },
            "city": {
              "type": "string"
            },
            "state": {
              "type": "string"
            },
            "zip": {
              "type": "string"
            }
          }
        }
      }
    },
    "parties": {
      "type": "object",
      "properties": {
        "buyer": {
          "type": "object"
        },
        "seller": {
          "type": "object"
        },
        "opposingCounsel": {
          "type": "object"
        },
        "titleCompany": {
          "type": "object"
        },
        "realtor": {
          "type": "object"
        }
      }
    },
    "real_estate": {
      "type": "object",
      "properties": {
        "closingDate": {
          "type": [
            "string",
            "null"
          ],
          "format": "date"
        },
        "propertyAddress": {
          "type": [
            "string",
            "null"
          ]
        },
        "purchasePrice": {
          "type": [
            "number",
            "null"
          ]
        },
        "earnestMoneyDeposit1": {
          "type": [
            "number",
            "null"
          ]
        },
        "earnestMoneyDeposit2": {
          "type": [
            "number",
            "null"
          ]
        },
        "inspectionDeadline": {
          "type": [
            "string",
            "null"
          ],
          "format": "date"
        },
        "pin": {
          "type": [
            "string",
            "null"
          ]
        },
        "financingType": {
          "type": [
            "string",
            "null"
          ]
        },
        "loanOfficer": {
          "type": [
            "string",
            "null"
          ]
        },
        "titleFileNumber": {
          "type": [
            "string",
            "null"
          ]
        }
      }
    },
    "probate": {
      "type": "object",
      "properties": {
        "decedentsName": {
          "type": [
            "string",
            "null"
          ]
        },
        "decedentsDateOfDeath": {
          "type": [
            "string",
            "null"
          ],
          "format": "date"
        },
        "executor": {
          "type": [
            "string",
            "null"
          ]
        },
        "beneficiaries": {
          "type": [
            "array",
            "null"
          ],
          "items": {
            "type": "string"
          }
        }
      }
    },
    "billing_snapshot": {
      "type": "object",
      "properties": {
        "flatRate": {
          "type": [
            "number",
            "null"
          ]
        },
        "description": {
          "type": [
            "string",
            "null"
          ]
        },
        "openInvoiceNumber": {
          "type": [
            "string",
            "null"
          ]
        },
        "outstandingBalance": {
          "type": [
            "number",
            "null"
          ]
        }
      }
    },
    "document": {
      "type": "object",
      "required": [
        "category",
        "summary"
      ],
      "properties": {
        "category": {
          "type": "string"
        },
        "summary": {
          "type": "string"
        },
        "communicationType": {
          "type": [
            "string",
            "null"
          ],
          "enum": [
            "Email",
            "Call",
            "Meeting",
            "Note",
            null
          ]
        }
      }
    },
    "sha256": {
      "type": [
        "string",
        "null"
      ]
    },
    "externalIds": {
      "type": [
        "array",
        "null"
      ],
      "items": {
        "type": "string"
      }
    }
  }
}