{
  "CLIO_API_KEY": "your-clio-api-token",
  "ZAPIER_HOOK_URL": "https://hooks.zapier.com/hooks/catch/xxxxxxxx/",
  "GITHUB_PAT": "ghp_yourgithubpatforactions",
  "DRIVE_TEMPLATES_FOLDER_ID": "0BxYourDriveFolderId",
  "GOOGLE_CREDENTIALS_JSON": "{\n  \"type\": \"service_account\",\n  \"project_id\": \"your-project-id\",\n  ...\n}"
}

/*
 * settings-example.json
 *
 * Copy this file to `settings.json` and fill in the values before running
 * scripts locally.  Do not commit `settings.json` to version control.
 *
 * - `CLIO_API_KEY` – API token for Clio Manage.  Obtain this from Clio
 *   account settings.
 * - `ZAPIER_HOOK_URL` – The Zapier webhook URL used by your workflows
 *   (optional).
 * - `GITHUB_PAT` – Personal Access Token with `repo` scope for writing
 *   commits via GitHub API (used by Apps Script if configured).
 * - `DRIVE_TEMPLATES_FOLDER_ID` – The ID of the Google Drive folder where
 *   templates live.  The sync script will download templates from this
 *   folder.
 * - `GOOGLE_CREDENTIALS_JSON` – JSON string for a Google service account
 *   credential.  Required for scripts that interact with Google APIs.
 */